{
    "name": "CargoVan",
    "vendorId": "0xFEED",
    "productId": "0x6060",
    "lighting": "none",
    "matrix": {
        "rows": 7,
        "cols": 11
    },
    "layouts": {
        "keymap": [
            [
              "0,0",
              "0,1",
              "0,2",
              "0,3",
              {
                "x": 0.875
              },
              "0,4",
              "0,5",
              "0,6",
              {
                "x": 0.875
              },
              "0,7",
              "0,8",
              "0,9",
              "0,10"
            ],
            [
              "1,0",
              "1,1",
              "1,2",
              "1,3",
              {
                "x": 0.8799999999999999
              },
              "1,4",
              "1,5",
              "1,6",
              {
                "x": 0.8700000000000001
              },
              "1,7",
              "1,8",
              "1,9",
              "1,10"
            ],
            [
              "2,0",
              "2,1",
              "2,2",
              "2,3",
              {
                "x": 4.75
              },
              "2,7",
              "2,8",
              "2,9",
              "2,10"
            ],
            [
              {
                "y": 1
              },
              "3,0",
              "3,1",
              "3,2",
              "3,3",
              "3,4",
              "3,5",
              "3,6",
              "3,7",
              "3,8",
              "3,9",
              "3,10",
              {
                "w": 1.75
              },
              "6,10"
            ],
            [
              {
                "w": 1.25
              },
              "4,0",
              "4,1",
              "4,2",
              "4,3",
              "4,4",
              "4,5",
              "4,6",
              "4,7",
              "4,8",
              "4,9",
              "4,10",
              {
                "w": 1.5
              },
              "6,9"
            ],
            [
              {
                "w": 1.75
              },
              "5,0",
              "5,1",
              "5,2",
              "5,3",
              "5,4",
              "5,5",
              "5,6",
              "5,7",
              "5,8",
              "5,9",
              "5,10",
              "6,8"
            ],
            [
              {
                "w": 1.25
              },
              "6,0",
              {
                "w": 1.5
              },
              "6,1",
              {
                "w": 1.25
              },
              "6,2",
              {
                "w": 2.25,
                "n": true
              },
              "6,3",
              {
                "w": 2,
                "n": true
              },
              "6,4",
              {
                "w": 1.25
              },
              "6,5",
              {
                "w": 1.5
              },
              "6,6",
              {
                "w": 1.75
              },
              "6,7"
            ]
          ]
    }
}
